S,k,Delta_prime,R_EP,R_Puiseux,R_conn,R_rate,pred_FKR,pred_SP,pred_Hall,pred_plasmoid,best_branch,gamma_re,gamma_im,gap,petermann,defective,R_CS,R_MHD,R_mono,n_sheet,Gamma_lo,Gamma_hi,onset,even_frac
50,0.3,6.0667,nan,nan,1,0.057884,0.13746,0.14142,0.37606,2.6591,Coppi,0.057884,0,0.057895,3.0463,0,0.088344,0.00056437,1,0,-0.3,0.3,1,1
50,0.45,3.5444,nan,nan,1,0.05282,0.10517,0.14142,0.37606,2.6591,FKR,0.05282,0,0.052831,4.0174,0,0.07884,0.00063152,1,0,-0.45,0.45,1,1
50,0.55,2.5364,nan,nan,1,0.044737,0.087196,0.14142,0.37606,2.6591,FKR,0.044737,0,0.044747,5.228,0,0.060047,0.00061786,1,0,-0.55,0.55,1,1
50,0.7,1.4571,nan,nan,1,0.028123,0.061634,0.14142,0.37606,2.6591,FKR,0.028123,0,0.028135,9.6076,0,0.016688,0.00059379,1,0,-0.7,0.7,1,1
50,0.85,0.65294,nan,nan,1,0.0084068,0.035047,0.14142,0.37606,2.6591,FKR,0.0084068,0,0.0084168,30.087,0,0.042863,0.00066794,1,0,-0.85,0.85,1,1
50,0.95,0.20526,nan,nan,1,0.00024003,0.014518,0.14142,0.37606,2.6591,FKR,0.00024003,0,0.000253,38.882,0,0.089751,0.00082452,1,0,-0.95,0.95,1,1
50,1,0,nan,nan,0,0,0,0.14142,0.37606,2.6591,stable,-1.3951e-08,0,1.0979e-05,2.3451,0,0.11221,0.0009259,1,0,-1,1,0,1
50,1.1,-0.38182,nan,nan,0,0,0,0.14142,0.37606,2.6591,stable,-3.546e-08,0,1.2128e-05,1.2002,0,0.1566,0.0030354,1,0,-1.1,1.1,0,1
50,1.3,-1.0615,nan,nan,0,0,0,0.14142,0.37606,2.6591,stable,-5.0441e-08,0,1.2508e-05,1.1861,0,0.24421,0.018046,1,0,-1.3,1.3,0,1
100,0.3,6.0667,nan,nan,1,0.046023,0.090692,0.1,0.31623,3.1623,FKR,0.046023,0,0.046034,3.9952,0,0.095982,0.00047102,1,0,-0.3,0.3,1,1
100,0.45,3.5444,nan,nan,1,0.041322,0.069388,0.1,0.31623,3.1623,FKR,0.041322,0,0.041333,5.2001,0,0.092264,0.00048975,1,0,-0.45,0.45,1,1
100,0.55,2.5364,nan,nan,1,0.035148,0.057528,0.1,0.31623,3.1623,FKR,0.035148,0,0.03516,6.703,0,0.07785,0.00044857,1,0,-0.55,0.55,1,1
100,0.7,1.4571,nan,nan,1,0.023135,0.040663,0.1,0.31623,3.1623,FKR,0.023135,0,0.023145,12.1,0,0.041669,0.00037312,1,0,-0.7,0.7,1,1
100,0.85,0.65294,nan,nan,1,0.008665,0.023122,0.1,0.31623,3.1623,FKR,0.008665,0,0.0086759,39.343,0,0.0099951,0.0003546,1,0,-0.85,0.85,1,1
100,0.95,0.20526,nan,nan,1,0.00044996,0.0095786,0.1,0.31623,3.1623,FKR,0.00044996,0,0.00046008,125.35,0,0.054399,0.00041278,1,0,-0.95,0.95,1,1
100,1,0,nan,nan,0,0,0,0.1,0.31623,3.1623,stable,-2.7903e-08,0,1.1698e-05,4.1301,0,0.076821,0.00046295,1,0,-1,1,0,1
100,1.1,-0.38182,nan,nan,0,0,0,0.1,0.31623,3.1623,stable,-7.0921e-08,0,1.0048e-05,1.2075,0,0.12096,0.0015177,1,0,-1.1,1.1,0,1
100,1.3,-1.0615,nan,nan,0,0,0,0.1,0.31623,3.1623,stable,-1.0088e-07,0,1.2785e-05,1.1873,0,0.20843,0.0090232,1,0,-1.3,1.3,0,1
200,0.3,6.0667,nan,nan,1,0.035263,0.059835,0.070711,0.26591,3.7606,FKR,0.035263,0,0.035275,5.4701,0,0.1059,0.00036578,1,0,-0.3,0.3,1,1
200,0.45,3.5444,nan,nan,1,0.030993,0.045779,0.070711,0.26591,3.7606,FKR,0.030993,0,0.031004,7.0086,0,0.10453,0.00036295,1,0,-0.45,0.45,1,1
200,0.55,2.5364,nan,nan,1,0.026335,0.037954,0.070711,0.26591,3.7606,FKR,0.026335,0,0.026347,8.9709,0,0.091247,0.00031862,1,0,-0.55,0.55,1,1
200,0.7,1.4571,nan,nan,1,0.017794,0.026828,0.070711,0.26591,3.7606,FKR,0.017794,0,0.017804,15.99,0,0.056575,0.00023835,1,0,-0.7,0.7,1,1
200,0.85,0.65294,nan,nan,1,0.0076569,0.015255,0.070711,0.26591,3.7606,FKR,0.0076569,0,0.0076681,50.766,0,0.0068069,0.00019254,1,0,-0.85,0.85,1,1
200,0.95,0.20526,nan,nan,1,0.00074005,0.0063195,0.070711,0.26591,3.7606,FKR,0.00074005,0,0.00075058,309.03,0,0.035718,0.0002072,1,0,-0.95,0.95,1,1
200,1,0,nan,nan,0,0,0,0.070711,0.26591,3.7606,stable,-5.5805e-08,0,1.1606e-05,11.27,0,0.058152,0.00023147,1,0,-1,1,0,1
200,1.1,-0.38182,nan,nan,0,0,0,0.070711,0.26591,3.7606,stable,-1.4184e-07,0,1.2537e-05,1.2367,0,0.10195,0.00075886,1,0,-1.1,1.1,0,1
200,1.3,-1.0615,nan,nan,0,0,0,0.070711,0.26591,3.7606,stable,-2.0177e-07,0,1.1751e-05,1.1921,0,0.18895,0.0045116,1,0,-1.3,1.3,0,1
500,0.3,6.0667,nan,nan,1,0.023672,0.034529,0.044721,0.21147,4.7287,FKR,0.023672,0,0.023684,8.7179,0,0.15136,0.00024099,1,0,-0.3,0.3,1,1
500,0.45,3.5444,nan,nan,1,0.0202,0.026418,0.044721,0.21147,4.7287,FKR,0.0202,0,0.020211,10.979,0,0.14369,0.00023085,1,0,-0.45,0.45,1,1
500,0.55,2.5364,nan,nan,1,0.017089,0.021903,0.044721,0.21147,4.7287,FKR,0.017089,0,0.017101,14.025,0,0.12185,0.00019603,1,0,-0.55,0.55,1,1
500,0.7,1.4571,nan,nan,1,0.011769,0.015482,0.044721,0.21147,4.7287,FKR,0.011769,0,0.011782,24.922,0,0.072276,0.00013331,1,0,-0.7,0.7,1,1
500,0.85,0.65294,nan,nan,1,0.0056413,0.0088033,0.044721,0.21147,4.7287,FKR,0.0056413,0,0.0056543,76.319,0,0.0097163,8.8692e-05,1,0,-0.85,0.85,1,1
500,0.95,0.20526,nan,nan,1,0.0010063,0.0036469,0.044721,0.21147,4.7287,FKR,0.0010063,0,0.0010169,595.72,0,0.035872,8.3993e-05,1,0,-0.95,0.95,1,1
500,1,0,nan,nan,0,0,0,0.044721,0.21147,4.7287,stable,-1.3951e-07,0,9.8632e-06,61.252,0,0.058152,9.259e-05,1,0,-1,1,0,1
500,1.1,-0.38182,nan,nan,0,0,0,0.044721,0.21147,4.7287,stable,-3.546e-07,0,1.3179e-05,1.4408,0,0.10195,0.00030354,1,0,-1.1,1.1,0,1
500,1.3,-1.0615,nan,nan,0,0,0,0.044721,0.21147,4.7287,stable,-5.0442e-07,0,1.0777e-05,1.226,0,0.18895,0.0018046,1,0,-1.3,1.3,0,1
1000,0.3,6.0667,nan,nan,1,0.017022,0.022781,0.031623,0.17783,5.6234,FKR,0.017022,0,0.017033,12.8,0,0.18661,0.00016853,1,0,-0.3,0.3,1,1
1000,0.45,3.5444,nan,nan,1,0.014231,0.01743,0.031623,0.17783,5.6234,FKR,0.014231,0,0.014242,16.034,0,0.16833,0.00015916,1,0,-0.45,0.45,1,1
1000,0.55,2.5364,nan,nan,1,0.011995,0.01445,0.031623,0.17783,5.6234,FKR,0.011995,0,0.012006,20.573,0,0.13775,0.00013317,1,0,-0.55,0.55,1,1
1000,0.7,1.4571,nan,nan,1,0.0083299,0.010214,0.031623,0.17783,5.6234,FKR,0.0083299,0,0.0083411,36.774,0,0.077343,8.6253e-05,1,0,-0.7,0.7,1,1
1000,0.85,0.65294,nan,nan,1,0.0041963,0.005808,0.031623,0.17783,5.6234,FKR,0.0041963,0,0.0042075,110.57,0,0.0095313,5.0491e-05,1,0,-0.85,0.85,1,1
1000,0.95,0.20526,nan,nan,1,0.00099086,0.002406,0.031623,0.17783,5.6234,FKR,0.00099086,0,0.0010034,824.03,0,0.035997,4.2752e-05,1,0,-0.95,0.95,1,1
1000,1,0,nan,nan,0,0,0,0.031623,0.17783,5.6234,stable,-2.7903e-07,0,1.1258e-05,239.81,0,0.058152,4.6295e-05,1,0,-1,1,0,1
1000,1.1,-0.38182,nan,nan,0,0,0,0.031623,0.17783,5.6234,stable,-7.0921e-07,0,9.4119e-06,2.17,0,0.10195,0.00015177,1,0,-1.1,1.1,0,1
1000,1.3,-1.0615,nan,nan,0,0,0,0.031623,0.17783,5.6234,stable,-1.0088e-06,0,1.0769e-05,1.347,0,0.18895,0.00090232,1,0,-1.3,1.3,0,1
2000,0.3,6.0667,nan,nan,1,0.012008,0.01503,0.022361,0.14953,6.6874,FKR,0.012008,0,0.012019,19.265,0,0.21589,0.00011525,1,0,-0.3,0.3,1,1
2000,0.45,3.5444,nan,nan,1,0.0098622,0.011499,0.022361,0.14953,6.6874,FKR,0.0098622,0,0.0098725,24.2,0,0.18244,0.00010797,1,0,-0.45,0.45,1,1
2000,0.55,2.5364,nan,nan,1,0.0082855,0.0095336,0.022361,0.14953,6.6874,FKR,0.0082855,0,0.0082992,31.301,0,0.14386,8.946e-05,1,0,-0.55,0.55,1,1
2000,0.7,1.4571,nan,nan,1,0.0057848,0.0067388,0.022361,0.14953,6.6874,FKR,0.0057848,0,0.005798,56.483,0,0.077263,5.5927e-05,1,0,-0.7,0.7,1,1
2000,0.85,0.65294,nan,nan,1,0.0030147,0.0038319,0.022361,0.14953,6.6874,FKR,0.0030147,0,0.0030249,167.76,0,0.0087763,2.9285e-05,1,0,-0.85,0.85,1,1
2000,0.95,0.20526,nan,nan,1,0.00084988,0.0015874,0.022361,0.14953,6.6874,FKR,0.00084988,0,0.000863,1148.2,0,0.036079,2.1916e-05,1,0,-0.95,0.95,1,1
2000,1,0,nan,nan,0,0,0,0.022361,0.14953,6.6874,stable,-5.5804e-07,0,1.0928e-05,954.77,0,0.058152,2.3147e-05,1,0,-1,1,0,1
2000,1.1,-0.38182,nan,nan,0,0,0,0.022361,0.14953,6.6874,stable,-1.4185e-06,0,1.5282e-05,5.0872,0,0.10195,7.5886e-05,1,0,-1.1,1.1,0,1
2000,1.3,-1.0615,nan,nan,0,0,0,0.022361,0.14953,6.6874,stable,-2.0177e-06,0,1.0475e-05,1.8312,0,0.18895,0.00045116,1,0,-1.3,1.3,0,1
